id;name;state_id
1;normal down which;1
2;unabashedly;2
3;mmm;3
4;reclamar about;4
5;upliftingly;5
6;past;6
7;kiddingly incidentally er;7
8;comprar;8
9;patiently;9
10;cérebro baixar;10
11;foolishly fechado brinquedo;11
12;carteira reassuringly;12
13;about;13
14;conectar restaurante ovo;14
15;chave which limpo;15
16;ocupado;16
17;forenenst provided;17
18;apud from yippee;18
19;copo;19
20;beijar blissfully over;20
21;since times alegre;21
22;urna psst solidly;22
23;fruta seco;23
24;gosh instead;24
25;victoriously;25
26;honesto;26
27;aha desconfiar down;27
28;what yet;28
29;as jovially where;29
30;whoa;30
